{
  "project_info": {
    "project_number": "553807034682",
    "project_id": "containment-zone-368316",
    "storage_bucket": "containment-zone-368316.appspot.com"
  },
  "client": [
    {
      "client_info": {
        "mobilesdk_app_id": "1:553807034682:android:45357f56aa0f995f0bb803",
        "android_client_info": {
          "package_name": "com.android.containmentzone"
        }
      },
      "oauth_client": [
        {
          "client_id": "553807034682-locpo2qbjikkkbnba0tbh7h2h7fc24jn.apps.googleusercontent.com",
          "client_type": 1,
          "android_info": {
            "package_name": "com.android.containmentzone",
            "certificate_hash": "fcd1a2de690a9bd3354d671f155718ba77c85cc8"
          }
        },
        {
          "client_id": "553807034682-l369g9ck1kc0dibuu46mhmaoip6e06ro.apps.googleusercontent.com",
          "client_type": 3
        }
      ],
      "api_key": [
        {
          "current_key": "AIzaSyBvBP1M5uLiwq4jN8ztPdFgOKPoZcrT4fg"
        }
      ],
      "services": {
        "appinvite_service": {
          "other_platform_oauth_client": [
            {
              "client_id": "553807034682-l369g9ck1kc0dibuu46mhmaoip6e06ro.apps.googleusercontent.com",
              "client_type": 3
            }
          ]
        }
      }
    }
  ],
  "configuration_version": "1"
}